accurate,hallucination,kb_article,chat_history,assistant_response
true,Pass,"1. **Initiate Inquiry** - Ask the customer for their order number and the reason for their shipping inquiry. Common inquiries can include: - Order tracking - Shipping cost - Shipping timeframes - Incorrect shipping address - Lost or missing package 2. **Decision Logic for Common Inquiries** - If the inquiry is **Order Tracking**: - Verify the customer's order number in the system. - Provide the current tracking status and a link to the carrier's tracking page, if applicable. - If the inquiry is **Shipping Cost**: - Ask for the destination zip code. - Provide shipping cost options (e.g., standard, expedited) along with estimated delivery dates for each option. - If the inquiry is **Shipping Timeframes**: - Inform the customer that standard shipping typically takes 5-7 business days and expedited shipping takes 2-3 business days. - If the order is still processing, let them know when to expect the shipment to be dispatched. - If the inquiry is **Incorrect Shipping Address**: - Confirm if the order has not yet been shipped. If it has not shipped: - Ask the customer for the correct address and update it in the system. - If the order has shipped, inform them that the address cannot be changed and they should follow up with the shipping carrier for rerouting or recovery. - If the inquiry is **Lost or Missing Package**: - Confirm the shipping carrier used and ask the customer for the tracking number. - Encourage the customer to check with neighbors or local delivery services, and inform them to wait 24-48 hours longer than the expected delivery date before proceeding with a lost package report. - If the package is officially reported lost or missing, initiate an internal investigation/request replacement per company policy. 3. **Provide Additional Support** - Ask the customer if they require further assistance regarding their inquiry. - Close the interaction by thanking them for reaching out and encouraging them to contact customer support if they have any other questions in the future.","[{'role': 'user', 'content': 'I have a question about my shipping status.'}, {'role': 'assistant', 'content': 'I can help with that! Could you please provide your order number and let me know if you have any specific reason for your inquiry about the shipping status?'}, {'role': 'user', 'content': 'My order number is 123456 and I just want to track it.'}]","{'role': 'assistant', 'content': 'Thanks for providing your order number! Let me check the tracking status for you and I will update you shortly.'}"
true,Fail,"1. **Initiate Inquiry** - Ask the customer for their order number and the reason for their shipping inquiry. Common inquiries can include: - Order tracking - Shipping cost - Shipping timeframes - Incorrect shipping address - Lost or missing package 2. **Decision Logic for Common Inquiries** - If the inquiry is **Order Tracking**: - Verify the customer's order number in the system. - Provide the current tracking status and a link to the carrier's tracking page, if applicable. - If the inquiry is **Shipping Cost**: - Ask for the destination zip code. - Provide shipping cost options (e.g., standard, expedited) along with estimated delivery dates for each option. - If the inquiry is **Shipping Timeframes**: - Inform the customer that standard shipping typically takes 5-7 business days and expedited shipping takes 2-3 business days. - If the order is still processing, let them know when to expect the shipment to be dispatched. - If the inquiry is **Incorrect Shipping Address**: - Confirm if the order has not yet been shipped. If it has not shipped: - Ask the customer for the correct address and update it in the system. - If the order has shipped, inform them that the address cannot be changed and they should follow up with the shipping carrier for rerouting or recovery. - If the inquiry is **Lost or Missing Package**: - Confirm the shipping carrier used and ask the customer for the tracking number. - Encourage the customer to check with neighbors or local delivery services, and inform them to wait 24-48 hours longer than the expected delivery date before proceeding with a lost package report. - If the package is officially reported lost or missing, initiate an internal investigation/request replacement per company policy. 3. **Provide Additional Support** - Ask the customer if they require further assistance regarding their inquiry. - Close the interaction by thanking them for reaching out and encouraging them to contact customer support if they have any other questions in the future.","[{'role': 'user', 'content': 'I have a question about my shipping status.'}, {'role': 'assistant', 'content': 'I can help with that! Could you please provide your order number and let me know if you have any specific reason for your inquiry about the shipping status?'}, {'role': 'user', 'content': 'My order number is 123456 and I just want to track it.'}]","{'role': 'assistant', 'content': 'Thanks for providing your order number! Let me check the tracking status for you and I will update you shortly.'}"
true,Pass,"1. **Receive Customer Feedback** - Greet the customer warmly and thank them for taking the time to provide feedback. - Ask the customer what specific product they are providing feedback about. 2. **Categorize Feedback** - Based on the customer's comments, categorize the feedback into one of the following categories: - Positive Feedback: Compliments or praise about the product. - Constructive Feedback: Suggestions for improvement or reports of minor issues. - Negative Feedback: Complaints about the product or serious issues experienced. 3. **Determine Next Steps Based on Feedback Category** 3a. **If Positive Feedback** - Thank the customer for their positive feedback. - Document the feedback in the positive feedback section of the feedback database. - Inform the customer that their feedback will be shared with the product development team. 3b. **If Constructive Feedback** - Thank the customer for their constructive feedback. - Document the feedback in the constructive feedback section of the feedback database. - Let the customer know that their suggestions are valuable and will be reviewed by the product development team for possible implementation. - Offer to follow-up with the customer if they would like to discuss their feedback further. 3c. **If Negative Feedback** - Apologize for the customer's negative experience with the product. - Document the feedback in the negative feedback section of the feedback database. - Ask the customer for more details regarding their issue to understand it better: - What specific problems they faced with the product? - Would they be interested in a resolution (like a refund or replacement)? - If they wish to resolve the issue: - Follow the return/refund policy to process their request (if applicable). - If they do not wish to resolve but just wanted to share their issue, assure them that their feedback will be escalated to the appropriate team. 4. **Closing the Interaction** - Thank the customer for their feedback, regardless of the category. - Ask if there is anything else you can assist them with today. - Ensure the customer feels heard and valued by offering reassurance that their feedback contributes to product improvement. 5. **Documentation and Follow-Up** - Ensure that all customer feedback is documented accurately and promptly in the feedback management system. - Regularly compile feedback categories to generate reports for management review. - Determine if any feedback leads to actionable items that need to be addressed by the product development or quality assurance teams.","[{'role': 'user', 'content': 'I want to provide feedback on the new blender I bought.'}, {'role': 'assistant', 'content': 'Thank you for reaching out! I appreciate you taking the time to provide feedback. What specific aspect of the blender would you like to share your thoughts on?'}, {'role': 'user', 'content': 'I really love how powerful it is! It makes smoothies in seconds.'}]","{'role': 'assistant', 'content': ""That's wonderful to hear! Thank you for your positive feedback. I will document your comments and share them with the product development team.""}"
true,Pass,"1. **Receive Customer Feedback** - Greet the customer warmly and thank them for taking the time to provide feedback. - Ask the customer what specific product they are providing feedback about. 2. **Categorize Feedback** - Based on the customer's comments, categorize the feedback into one of the following categories: - Positive Feedback: Compliments or praise about the product. - Constructive Feedback: Suggestions for improvement or reports of minor issues. - Negative Feedback: Complaints about the product or serious issues experienced. 3. **Determine Next Steps Based on Feedback Category** 3a. **If Positive Feedback** - Thank the customer for their positive feedback. - Document the feedback in the positive feedback section of the feedback database. - Inform the customer that their feedback will be shared with the product development team. 3b. **If Constructive Feedback** - Thank the customer for their constructive feedback. - Document the feedback in the constructive feedback section of the feedback database. - Let the customer know that their suggestions are valuable and will be reviewed by the product development team for possible implementation. - Offer to follow-up with the customer if they would like to discuss their feedback further. 3c. **If Negative Feedback** - Apologize for the customer's negative experience with the product. - Document the feedback in the negative feedback section of the feedback database. - Ask the customer for more details regarding their issue to understand it better: - What specific problems they faced with the product? - Would they be interested in a resolution (like a refund or replacement)? - If they wish to resolve the issue: - Follow the return/refund policy to process their request (if applicable). - If they do not wish to resolve but just wanted to share their issue, assure them that their feedback will be escalated to the appropriate team. 4. **Closing the Interaction** - Thank the customer for their feedback, regardless of the category. - Ask if there is anything else you can assist them with today. - Ensure the customer feels heard and valued by offering reassurance that their feedback contributes to product improvement. 5. **Documentation and Follow-Up** - Ensure that all customer feedback is documented accurately and promptly in the feedback management system. - Regularly compile feedback categories to generate reports for management review. - Determine if any feedback leads to actionable items that need to be addressed by the product development or quality assurance teams.","[{'role': 'user', 'content': 'I want to provide feedback on the new blender I bought.'}, {'role': 'assistant', 'content': 'Thank you for reaching out! I appreciate you taking the time to provide feedback. What specific aspect of the blender would you like to share your thoughts on?'}, {'role': 'user', 'content': 'I really love how powerful it is! It makes smoothies in seconds.'}]","{'role': 'assistant', 'content': ""That's wonderful to hear! Thank you for your positive feedback. I will document your comments and share them with the product development team.""}"
true,Pass,"1. **Initial Inquiry** - Greet the customer warmly and ask how you can assist them regarding their account. - Politely ask if they can confirm that they wish to delete their account and if they could provide a brief reason for their request. 2. **Verification of Customer Identity** - Verify the customer’s identity by requesting the following: - Email address associated with the account - Any other unique identifier (such as phone number or username) - Ensure the customer passes verification before proceeding. If they cannot verify their identity, kindly inform them that account deletion cannot proceed without confirmation. 3. **Evaluate Reason for Deletion** - Categorize their reason for wanting to delete their account into one of the following options: - Dissatisfaction with the service - Privacy concerns - No longer using the service - Other (please specify) - If the customer expresses dissatisfaction, offer to escalate their feedback to management or provide solutions to their issues. If they agree to remain, assist with that request. If they still wish to proceed with deletion, move to step 4. 4. **Processing Account Deletion** - Inform the customer about what deleting their account entails: - Loss of all associated data - Inability to recover the account in the future - Confirm with the customer that they understand the implications. - If they confirm, initiate the account deletion process: - Document the request in the system for referral. - Ensure to adhere to any required waiting period (if applicable). - Process the deletion, and ensure it is marked as completed in the system. 5. **Follow-Up** - After successful deletion, send a confirmation email to the customer stating their account has been deleted and no further action is required on their part. - Include an invitation for them to provide feedback on their experience with the service. 6. **Final Support Offer** - Ask the customer one last time if there is anything else you can help them with today before closing the interaction, showing that their needs are important to you.","[{'role': 'user', 'content': 'Hi, I want to delete my account.'}, {'role': 'assistant', 'content': ""Hello! I'm sorry to hear that you want to delete your account. Can you please confirm that you wish to proceed with this, and let me know your reason for the deletion?""}, {'role': 'user', 'content': ""Yes, I'm really dissatisfied with the service.""}]","{'role': 'assistant', 'content': 'I understand your concerns about the service. Would you like me to escalate this feedback to management or offer any solutions? If you still wish to delete your account, please provide your email address associated with the account and another unique identifier to verify your identity.'}"
true,Pass,"1. **Initial Inquiry** - Greet the customer warmly and ask how you can assist them regarding their account. - Politely ask if they can confirm that they wish to delete their account and if they could provide a brief reason for their request. 2. **Verification of Customer Identity** - Verify the customer’s identity by requesting the following: - Email address associated with the account - Any other unique identifier (such as phone number or username) - Ensure the customer passes verification before proceeding. If they cannot verify their identity, kindly inform them that account deletion cannot proceed without confirmation. 3. **Evaluate Reason for Deletion** - Categorize their reason for wanting to delete their account into one of the following options: - Dissatisfaction with the service - Privacy concerns - No longer using the service - Other (please specify) - If the customer expresses dissatisfaction, offer to escalate their feedback to management or provide solutions to their issues. If they agree to remain, assist with that request. If they still wish to proceed with deletion, move to step 4. 4. **Processing Account Deletion** - Inform the customer about what deleting their account entails: - Loss of all associated data - Inability to recover the account in the future - Confirm with the customer that they understand the implications. - If they confirm, initiate the account deletion process: - Document the request in the system for referral. - Ensure to adhere to any required waiting period (if applicable). - Process the deletion, and ensure it is marked as completed in the system. 5. **Follow-Up** - After successful deletion, send a confirmation email to the customer stating their account has been deleted and no further action is required on their part. - Include an invitation for them to provide feedback on their experience with the service. 6. **Final Support Offer** - Ask the customer one last time if there is anything else you can help them with today before closing the interaction, showing that their needs are important to you.","[{'role': 'user', 'content': 'Hi, I want to delete my account.'}, {'role': 'assistant', 'content': ""Hello! I'm sorry to hear that you want to delete your account. Can you please confirm that you wish to proceed with this, and let me know your reason for the deletion?""}, {'role': 'user', 'content': ""Yes, I'm really dissatisfied with the service.""}]","{'role': 'assistant', 'content': 'I understand your concerns about the service. Would you like me to escalate this feedback to management or offer any solutions? If you still wish to delete your account, please provide your email address associated with the account and another unique identifier to verify your identity.'}"
true,Pass,"1. **Initial Inquiry** - Greet the customer warmly and ask how you can assist them regarding their account. - Politely ask if they can confirm that they wish to delete their account and if they could provide a brief reason for their request. 2. **Verification of Customer Identity** - Verify the customer’s identity by requesting the following: - Email address associated with the account - Any other unique identifier (such as phone number or username) - Ensure the customer passes verification before proceeding. If they cannot verify their identity, kindly inform them that account deletion cannot proceed without confirmation. 3. **Evaluate Reason for Deletion** - Categorize their reason for wanting to delete their account into one of the following options: - Dissatisfaction with the service - Privacy concerns - No longer using the service - Other (please specify) - If the customer expresses dissatisfaction, offer to escalate their feedback to management or provide solutions to their issues. If they agree to remain, assist with that request. If they still wish to proceed with deletion, move to step 4. 4. **Processing Account Deletion** - Inform the customer about what deleting their account entails: - Loss of all associated data - Inability to recover the account in the future - Confirm with the customer that they understand the implications. - If they confirm, initiate the account deletion process: - Document the request in the system for referral. - Ensure to adhere to any required waiting period (if applicable). - Process the deletion, and ensure it is marked as completed in the system. 5. **Follow-Up** - After successful deletion, send a confirmation email to the customer stating their account has been deleted and no further action is required on their part. - Include an invitation for them to provide feedback on their experience with the service. 6. **Final Support Offer** - Ask the customer one last time if there is anything else you can help them with today before closing the interaction, showing that their needs are important to you.","[{'role': 'user', 'content': 'Hi, I want to delete my account.'}, {'role': 'assistant', 'content': ""Hello! I'm sorry to hear that you want to delete your account. Can you please confirm that you wish to proceed with this, and let me know your reason for the deletion?""}, {'role': 'user', 'content': ""Yes, I'm really dissatisfied with the service.""}]","{'role': 'assistant', 'content': 'I understand your concerns about the service. Would you like me to escalate this feedback to management or offer any solutions? If you still wish to delete your account, please provide your email address associated with the account and another unique identifier to verify your identity.'}"
true,Pass,"1. **Initial Acknowledgment** - Greet the customer politely and thank them for reaching out. - Acknowledge their complaint by expressing understanding of their concern (e.g., ""I’m sorry to hear that you’ve had this experience.""). 2. **Gather Information** - Ask the customer for specific details about their complaint, including: - Order number - Detailed description of the issue - Dates relevant to the complaint (purchase date, incident date) - Document all information provided by the customer. 3. **Assess the Complaint** - Categorize the complaint based on the following classifications: - Product quality (defective item, misrepresentation) - Customer service (poor assistance, long wait time) - Payment issues (billing error, unauthorized charge) - Other (please specify) 4. **Determine the Appropriate Course of Action** - **Product Quality:** - Evaluate if a refund, exchange, or replacement is required based on company guidelines. - **Customer Service:** - Investigate the complaint by reviewing the customer’s support history and any relevant interactions. Offer an apology and document any identified lapses in service. - **Payment Issues:** - Confirm details about the payment issue. If it’s a billing error, offer to escalate to the billing department for resolution. - **Other:** - Address as applicable, ensuring to capture relevant details before proceeding. 5. **Provide a Resolution** - Once the appropriate action has been determined: - Inform the customer of the resolution clearly and concisely. - If applicable, provide estimated timelines for any follow-up actions (e.g., refund processing, dispatching a replacement). - Ensure to obtain customer agreement on the proposed resolution (e.g., ""Does this resolution work for you?""). 6. **Follow-Up** - Schedule a follow-up contact (if needed) to ensure the issue has been resolved satisfactorily. - Set reminders in the ticketing system to follow up within 3-5 business days after the resolution is implemented. 7. **Documentation and Feedback** - Document the complaint resolution process in the company’s ticketing system, ensuring all details, actions taken, and customer responses are noted. - Encourage the customer to provide feedback on their complaint resolution experience to improve future service or products. 8. **Closing the Interaction** - Thank the customer for their patience and for bringing the issue to your attention. - Ask if there’s anything else you can assist them with before closing the ticket.","[{'role': 'user', 'content': 'I am really unhappy with my last order.'}, {'role': 'assistant', 'content': 'I’m sorry to hear that you’ve had this experience. Thank you for reaching out. Can you please provide me with your order number and a detailed description of the issue?'}, {'role': 'user', 'content': 'My order number is 12345. The item arrived damaged on the 10th of this month.'}]","{'role': 'assistant', 'content': 'Thank you for the details. I’m sorry to hear the item arrived damaged. Could you please send me a picture of the damaged item so we can proceed with resolving this for you?'}"
true,Pass,"1. **Initial Acknowledgment** - Greet the customer politely and thank them for reaching out. - Acknowledge their complaint by expressing understanding of their concern (e.g., ""I’m sorry to hear that you’ve had this experience.""). 2. **Gather Information** - Ask the customer for specific details about their complaint, including: - Order number - Detailed description of the issue - Dates relevant to the complaint (purchase date, incident date) - Document all information provided by the customer. 3. **Assess the Complaint** - Categorize the complaint based on the following classifications: - Product quality (defective item, misrepresentation) - Customer service (poor assistance, long wait time) - Payment issues (billing error, unauthorized charge) - Other (please specify) 4. **Determine the Appropriate Course of Action** - **Product Quality:** - Evaluate if a refund, exchange, or replacement is required based on company guidelines. - **Customer Service:** - Investigate the complaint by reviewing the customer’s support history and any relevant interactions. Offer an apology and document any identified lapses in service. - **Payment Issues:** - Confirm details about the payment issue. If it’s a billing error, offer to escalate to the billing department for resolution. - **Other:** - Address as applicable, ensuring to capture relevant details before proceeding. 5. **Provide a Resolution** - Once the appropriate action has been determined: - Inform the customer of the resolution clearly and concisely. - If applicable, provide estimated timelines for any follow-up actions (e.g., refund processing, dispatching a replacement). - Ensure to obtain customer agreement on the proposed resolution (e.g., ""Does this resolution work for you?""). 6. **Follow-Up** - Schedule a follow-up contact (if needed) to ensure the issue has been resolved satisfactorily. - Set reminders in the ticketing system to follow up within 3-5 business days after the resolution is implemented. 7. **Documentation and Feedback** - Document the complaint resolution process in the company’s ticketing system, ensuring all details, actions taken, and customer responses are noted. - Encourage the customer to provide feedback on their complaint resolution experience to improve future service or products. 8. **Closing the Interaction** - Thank the customer for their patience and for bringing the issue to your attention. - Ask if there’s anything else you can assist them with before closing the ticket.","[{'role': 'user', 'content': 'I am really unhappy with my last order.'}, {'role': 'assistant', 'content': 'I’m sorry to hear that you’ve had this experience. Thank you for reaching out. Can you please provide me with your order number and a detailed description of the issue?'}, {'role': 'user', 'content': 'My order number is 12345. The item arrived damaged on the 10th of this month.'}]","{'role': 'assistant', 'content': 'Thank you for the details. I’m sorry to hear the item arrived damaged. Could you please send me a picture of the damaged item so we can proceed with resolving this for you?'}"
true,Pass,"1. **Initial Acknowledgment** - Greet the customer politely and thank them for reaching out. - Acknowledge their complaint by expressing understanding of their concern (e.g., ""I’m sorry to hear that you’ve had this experience.""). 2. **Gather Information** - Ask the customer for specific details about their complaint, including: - Order number - Detailed description of the issue - Dates relevant to the complaint (purchase date, incident date) - Document all information provided by the customer. 3. **Assess the Complaint** - Categorize the complaint based on the following classifications: - Product quality (defective item, misrepresentation) - Customer service (poor assistance, long wait time) - Payment issues (billing error, unauthorized charge) - Other (please specify) 4. **Determine the Appropriate Course of Action** - **Product Quality:** - Evaluate if a refund, exchange, or replacement is required based on company guidelines. - **Customer Service:** - Investigate the complaint by reviewing the customer’s support history and any relevant interactions. Offer an apology and document any identified lapses in service. - **Payment Issues:** - Confirm details about the payment issue. If it’s a billing error, offer to escalate to the billing department for resolution. - **Other:** - Address as applicable, ensuring to capture relevant details before proceeding. 5. **Provide a Resolution** - Once the appropriate action has been determined: - Inform the customer of the resolution clearly and concisely. - If applicable, provide estimated timelines for any follow-up actions (e.g., refund processing, dispatching a replacement). - Ensure to obtain customer agreement on the proposed resolution (e.g., ""Does this resolution work for you?""). 6. **Follow-Up** - Schedule a follow-up contact (if needed) to ensure the issue has been resolved satisfactorily. - Set reminders in the ticketing system to follow up within 3-5 business days after the resolution is implemented. 7. **Documentation and Feedback** - Document the complaint resolution process in the company’s ticketing system, ensuring all details, actions taken, and customer responses are noted. - Encourage the customer to provide feedback on their complaint resolution experience to improve future service or products. 8. **Closing the Interaction** - Thank the customer for their patience and for bringing the issue to your attention. - Ask if there’s anything else you can assist them with before closing the ticket.","[{'role': 'user', 'content': 'I am really unhappy with my last order.'}, {'role': 'assistant', 'content': 'I’m sorry to hear that you’ve had this experience. Thank you for reaching out. Can you please provide me with your order number and a detailed description of the issue?'}, {'role': 'user', 'content': 'My order number is 12345. The item arrived damaged on the 10th of this month.'}]","{'role': 'assistant', 'content': 'Thank you for the details. I’m sorry to hear the item arrived damaged. Could you please send me a picture of the damaged item so we can proceed with resolving this for you?'}"
true,Pass,"1. ** Initial Inquiry** - Ask the customer to provide details about the product in question, including: - Product Name/ID - Purchase Date - Description of the issue. - Check if the product is covered under warranty (provide criteria for coverage): - Standard warranty period: 12 months from the date of purchase, unless stated otherwise. - Verify the purchase date against our records. 2. **Determine Eligibility** - If the product is within the warranty period: - Proceed to step 3. - If the product is out of warranty: - Notify the customer that the warranty has expired. - Offer assistance to provide repair options or alternatives for purchasing replacements to ensure continued customer satisfaction. 3. **Assess the Issue** - Depending on the nature of the issue, categorize it as follows: - Manufacturing Defect: Fault attributed to the manufacturing process. - Workmanship Error: Issue arising due to the assembly or finishing of the product. - Misuse/Abuse: Damage caused by use that exceeds normal operational guidelines. - If the customer needs assistance determining the category, provide guidance based on common issues. 4. **Verification of Claim** - Request photos or documentation if necessary, for verification of the stated issue, especially for claims of manufacturing defects or workmanship errors. - If the issue falls under Misuse/Abuse, inform the customer that warranty coverage does not apply. 5. **Resolution** - If the claim is verified and within warranty coverage: - Offer one of the following resolutions: - Replacement of the item. - Repair of the item. - Store credit for the item's value. - Once the customer selects an option, initiate the process (e.g., sending a replacement item or scheduling a repair service). - If the claim is not verified or falls outside of coverage: - Clearly explain the reason for denial, reiterating the warranty terms. - Suggest alternative support options or purchase recommendations. 6. **Documentation and Closure** - Document all details of the claim and resolution process in the customer’s account for future reference. - After resolving the issue, ask: - “Is there anything else I can assist you with today?” - Thank the customer for their understanding and feedback. 7. **Follow-Up** - Schedule a follow-up contact (if applicable) within one week to confirm customer satisfaction with the resolution.","[{'role': 'user', 'content': ""I'm having an issue with my blender and I think it's still under warranty.""}, {'role': 'assistant', 'content': 'I can help you with that! Can you please provide me with the product name or ID, the purchase date, and a description of the issue?'}, {'role': 'user', 'content': ""It's a Ninja Blender, purchased last month, and the motor has stopped working.""}]","{'role': 'assistant', 'content': ""Thank you for the information! Since your purchase was just last month, it's still under warranty. I will proceed to assess the issue further. Can you let me know if you believe this is a manufacturing defect or if any misuse might be involved?""}"
true,Pass,"1. ** Initial Inquiry** - Ask the customer to provide details about the product in question, including: - Product Name/ID - Purchase Date - Description of the issue. - Check if the product is covered under warranty (provide criteria for coverage): - Standard warranty period: 12 months from the date of purchase, unless stated otherwise. - Verify the purchase date against our records. 2. **Determine Eligibility** - If the product is within the warranty period: - Proceed to step 3. - If the product is out of warranty: - Notify the customer that the warranty has expired. - Offer assistance to provide repair options or alternatives for purchasing replacements to ensure continued customer satisfaction. 3. **Assess the Issue** - Depending on the nature of the issue, categorize it as follows: - Manufacturing Defect: Fault attributed to the manufacturing process. - Workmanship Error: Issue arising due to the assembly or finishing of the product. - Misuse/Abuse: Damage caused by use that exceeds normal operational guidelines. - If the customer needs assistance determining the category, provide guidance based on common issues. 4. **Verification of Claim** - Request photos or documentation if necessary, for verification of the stated issue, especially for claims of manufacturing defects or workmanship errors. - If the issue falls under Misuse/Abuse, inform the customer that warranty coverage does not apply. 5. **Resolution** - If the claim is verified and within warranty coverage: - Offer one of the following resolutions: - Replacement of the item. - Repair of the item. - Store credit for the item's value. - Once the customer selects an option, initiate the process (e.g., sending a replacement item or scheduling a repair service). - If the claim is not verified or falls outside of coverage: - Clearly explain the reason for denial, reiterating the warranty terms. - Suggest alternative support options or purchase recommendations. 6. **Documentation and Closure** - Document all details of the claim and resolution process in the customer’s account for future reference. - After resolving the issue, ask: - “Is there anything else I can assist you with today?” - Thank the customer for their understanding and feedback. 7. **Follow-Up** - Schedule a follow-up contact (if applicable) within one week to confirm customer satisfaction with the resolution.","[{'role': 'user', 'content': ""I'm having an issue with my blender and I think it's still under warranty.""}, {'role': 'assistant', 'content': 'I can help you with that! Can you please provide me with the product name or ID, the purchase date, and a description of the issue?'}, {'role': 'user', 'content': ""It's a Ninja Blender, purchased last month, and the motor has stopped working.""}]","{'role': 'assistant', 'content': ""Thank you for the information! Since your purchase was just last month, it's still under warranty. I will proceed to assess the issue further. Can you let me know if you believe this is a manufacturing defect or if any misuse might be involved?""}"
true,Pass,"1. ** Initial Inquiry** - Ask the customer to provide details about the product in question, including: - Product Name/ID - Purchase Date - Description of the issue. - Check if the product is covered under warranty (provide criteria for coverage): - Standard warranty period: 12 months from the date of purchase, unless stated otherwise. - Verify the purchase date against our records. 2. **Determine Eligibility** - If the product is within the warranty period: - Proceed to step 3. - If the product is out of warranty: - Notify the customer that the warranty has expired. - Offer assistance to provide repair options or alternatives for purchasing replacements to ensure continued customer satisfaction. 3. **Assess the Issue** - Depending on the nature of the issue, categorize it as follows: - Manufacturing Defect: Fault attributed to the manufacturing process. - Workmanship Error: Issue arising due to the assembly or finishing of the product. - Misuse/Abuse: Damage caused by use that exceeds normal operational guidelines. - If the customer needs assistance determining the category, provide guidance based on common issues. 4. **Verification of Claim** - Request photos or documentation if necessary, for verification of the stated issue, especially for claims of manufacturing defects or workmanship errors. - If the issue falls under Misuse/Abuse, inform the customer that warranty coverage does not apply. 5. **Resolution** - If the claim is verified and within warranty coverage: - Offer one of the following resolutions: - Replacement of the item. - Repair of the item. - Store credit for the item's value. - Once the customer selects an option, initiate the process (e.g., sending a replacement item or scheduling a repair service). - If the claim is not verified or falls outside of coverage: - Clearly explain the reason for denial, reiterating the warranty terms. - Suggest alternative support options or purchase recommendations. 6. **Documentation and Closure** - Document all details of the claim and resolution process in the customer’s account for future reference. - After resolving the issue, ask: - “Is there anything else I can assist you with today?” - Thank the customer for their understanding and feedback. 7. **Follow-Up** - Schedule a follow-up contact (if applicable) within one week to confirm customer satisfaction with the resolution.","[{'role': 'user', 'content': ""I'm having an issue with my blender and I think it's still under warranty.""}, {'role': 'assistant', 'content': 'I can help you with that! Can you please provide me with the product name or ID, the purchase date, and a description of the issue?'}, {'role': 'user', 'content': ""It's a Ninja Blender, purchased last month, and the motor has stopped working.""}]","{'role': 'assistant', 'content': ""Thank you for the information! Since your purchase was just last month, it's still under warranty. I will proceed to assess the issue further. Can you let me know if you believe this is a manufacturing defect or if any misuse might be involved?""}"
true,Pass,"1. ** Initial Inquiry** - Ask the customer to provide details about the product in question, including: - Product Name/ID - Purchase Date - Description of the issue. - Check if the product is covered under warranty (provide criteria for coverage): - Standard warranty period: 12 months from the date of purchase, unless stated otherwise. - Verify the purchase date against our records. 2. **Determine Eligibility** - If the product is within the warranty period: - Proceed to step 3. - If the product is out of warranty: - Notify the customer that the warranty has expired. - Offer assistance to provide repair options or alternatives for purchasing replacements to ensure continued customer satisfaction. 3. **Assess the Issue** - Depending on the nature of the issue, categorize it as follows: - Manufacturing Defect: Fault attributed to the manufacturing process. - Workmanship Error: Issue arising due to the assembly or finishing of the product. - Misuse/Abuse: Damage caused by use that exceeds normal operational guidelines. - If the customer needs assistance determining the category, provide guidance based on common issues. 4. **Verification of Claim** - Request photos or documentation if necessary, for verification of the stated issue, especially for claims of manufacturing defects or workmanship errors. - If the issue falls under Misuse/Abuse, inform the customer that warranty coverage does not apply. 5. **Resolution** - If the claim is verified and within warranty coverage: - Offer one of the following resolutions: - Replacement of the item. - Repair of the item. - Store credit for the item's value. - Once the customer selects an option, initiate the process (e.g., sending a replacement item or scheduling a repair service). - If the claim is not verified or falls outside of coverage: - Clearly explain the reason for denial, reiterating the warranty terms. - Suggest alternative support options or purchase recommendations. 6. **Documentation and Closure** - Document all details of the claim and resolution process in the customer’s account for future reference. - After resolving the issue, ask: - “Is there anything else I can assist you with today?” - Thank the customer for their understanding and feedback. 7. **Follow-Up** - Schedule a follow-up contact (if applicable) within one week to confirm customer satisfaction with the resolution.","[{'role': 'user', 'content': ""I'm having an issue with my blender and I think it's still under warranty.""}, {'role': 'assistant', 'content': 'I can help you with that! Can you please provide me with the product name or ID, the purchase date, and a description of the issue?'}, {'role': 'user', 'content': ""It's a Ninja Blender, purchased last month, and the motor has stopped working.""}]","{'role': 'assistant', 'content': ""Thank you for the information! Since your purchase was just last month, it's still under warranty. I will proceed to assess the issue further. Can you let me know if you believe this is a manufacturing defect or if any misuse might be involved?""}"
